PDB_File,LigVol,MolWt,MolLogP,TPSA,NumHDonors,NumHAcceptors,NumRotatableBonds,NumAromaticRings,FractionCSP3,NumHeteroatoms,HeavyAtomCount,NumAtoms,MolMR,BertzCT,NumCarbons,Asphericity,Eccentricity,InertialShapeFactor,NPR1,NPR2,PMI1,PMI2,PMI3,RadiusOfGyration,SpherocityIndex
DB00114,196.79200000000006,247.14300000000006,0.5174199999999998,116.95,3,7,8,1,0.25,8,16,26,52.85940000000002,746.0167270780516,8,0.4945160241579019,0.9773299922900621,0.0016659908116146802,0.21172171870242065,0.8628717258953831,517.9330641440254,2110.8358636762273,2446.291610129952,3.2042873749302907,0.10819195352527497
